Job Title,Company,Location,Skills,Skill List
WordPress Plugins & Themes developer,Melapress,Remote,"DevOps, Wordpress, PHP, JavaScript, Full Time, Ecommerce, API, English","['DevOps', 'Wordpress', 'PHP', 'JavaScript', 'Full Time', 'Ecommerce', 'API', 'English']"
Content Producer Technical Content Engineer Junior Dev,Private.Ki,Remote,"Other, Writer, Writing, Marketing","['Other', 'Writer', 'Writing', 'Marketing']"
Senior Full Stack Engineer,AMK Solutions,Remote,,['']
Backend Developer @ lobstr.io Python Scraping Celery,lobstr.io,Remote,"Python, Backend, Redis, Remote, API, Tech Lead, Docker, Cybersecurity, Architecture","['Python', 'Backend', 'Redis', 'Remote', 'API', 'Tech Lead', 'Docker', 'Cybersecurity', 'Architecture']"
Lead Data Engineer,Open Architects,Remote,"Engineer, DevOps, Python, Data, DataOps","['Engineer', 'DevOps', 'Python', 'Data', 'DataOps']"
Javascript Fullstack Engineer Senior,Lumenalta,Remote,"Engineer, JavaScript","['Engineer', 'JavaScript']"
Application Engineer,LaunchBrightly,Remote,"Engineer, JavaScript, Front End, API, GraphQL, Vue, Typescript, Dynamodb","['Engineer', 'JavaScript', 'Front End', 'API', 'GraphQL', 'Vue', 'Typescript', 'Dynamodb']"
Svelte Developer,Green Stuff World,Remote,"JavaScript, Typescript, Svelte, Tailwind, Kotlin","['JavaScript', 'Typescript', 'Svelte', 'Tailwind', 'Kotlin']"
Senior Python Backend Engineer,Orga AI,Remote,"Python, Senior, Backend, Ops, Startup, AWS","['Python', 'Senior', 'Backend', 'Ops', 'Startup', 'AWS']"
Senior Software Engineer,ModelVault,Remote,"Full Stack, Infra","['Full Stack', 'Infra']"
Senior Backend Engineer,HockeyStack,Remote,"JavaScript, Backend, API, Engineer","['JavaScript', 'Backend', 'API', 'Engineer']"
Software Engineer,Jump,Remote,"Engineer, Full Time, API","['Engineer', 'Full Time', 'API']"
React Native Developer,Interviews Chat,Remote,React Native,['React Native']
Senior Fullstack Developer,Swipe Games,Remote,"Front End, Backend, Full Stack, JavaScript, Node, React","['Front End', 'Backend', 'Full Stack', 'JavaScript', 'Node', 'React']"
Tech Cofounder CTO,Founders Factory,Remote,"Full Stack, API, Engineer, Senior, Mobile","['Full Stack', 'API', 'Engineer', 'Senior', 'Mobile']"
Senior React Native SDK Engineer,Nami ML,Remote,"JavaScript, React Native, Mobile, Typescript","['JavaScript', 'React Native', 'Mobile', 'Typescript']"
Spanish Speaking Software Support Engineer,Payara,Remote,"Engineer, Java","['Engineer', 'Java']"
Administrative Executive,Prime Design & Build,Remote,"Sys Admin, Design, Executive, Admin, Virtual Assistant, Other, Non Tech","['Sys Admin', 'Design', 'Executive', 'Admin', 'Virtual Assistant', 'Other', 'Non Tech']"
Senior Software Engineer,Emergent Software,Remote,"Software, Design, React, Front End, Training, Consulting, Technical, UX, Code, Web, Scrum, DevOps, JavaScript, Cloud, Microsoft, Mobile, Management, Lead, Senior, Healthcare, Engineer, Engineering, Backend","['Software', 'Design', 'React', 'Front End', 'Training', 'Consulting', 'Technical', 'UX', 'Code', 'Web', 'Scrum', 'DevOps', 'JavaScript', 'Cloud', 'Microsoft', 'Mobile', 'Management', 'Lead', 'Senior', 'Healthcare', 'Engineer', 'Engineering', 'Backend']"
Full Stack Developer,Incyte Studios,Remote,"Engineer, Full Stack","['Engineer', 'Full Stack']"
